Workbook

Sheet Overview
A1: MultiCaRe dataset: classes and parameters
A2: BN4601A group project, Emergency Medicine. Generated 14 Oct 2026 from notebooks/01_explore_multicare.ipynb data.
A4: Key count | B4: Value | C4: Source / note
A5: Articles (case reports) | B5: 85653 | C5: OpenMed/multicare-cases, cases.parquet
A6: Patient cases | B6: 110182 | C6: One article can describe several patients
A7: Cases with at least 1 image | B7: 42044 | C7: Joined on case_id = patient_id
A8: Images (incl. split panels) | B8: 161702 | C8: OpenMed/multicare-images, both parquet shards
A10: Sheet | B10: What it shows
A11: Data dictionary | B11: Every column in the dataset, what it means, what to check by hand
A12: Image type | B12: 7 broad image categories
A13: Image subtype | B13: 40 modalities / stains, with parent type and plain-English meaning
A14: Type x Subtype | B14: Cross-tab confirming which subtypes belong to which type
A15: Region | B15: Coarse body region of radiology images
A16: Region (granular) | B16: Finer body region (mainly limbs)
A17: View | B17: Imaging plane / view of radiology images
A18: Licence | B18: Licence of each image's source article, and suggested use in a public Space
A19: Labels | B19: 78 supervised labels (an image has several, so % does not sum to 100%)
A20: Semi labels | B20: 141 extra labels from the full taxonomy
A21: Cases | B21: Gender, age bands, text length and images per case
A23: How to read
A24: - Counts are hardcoded from the data; percentages and totals are Excel formulas.
A25: - 'In current base filter' = used by the notebook's default FILTER (radiology x_ray/ct/ultrasound, CC BY or CC BY-NC).
A26: - 'ED relevance (suggested)' and 'Suggested for public Space' are our judgement calls for discussion, not dataset labels.
A27: - Blank region/view rows are non-radiology images (pathology, photos, charts...).

Sheet Data dictionary
A1: Data dictionary
A2: What each column means and what to check by hand
A4: Column | B4: Level | C4: What it means | D4: What to check by hand
A5: case_id / patient_id | B5: Case | C5: One patient within an article, e.g. PMC10199319_01 | D5: Join key between the two datasets; split train/val/test on this or article_id
A6: article_id | B6: Case | C6: PubMed Central ID of the source paper | D6: Several patients can share one article
A7: age | B7: Case | C7: Age in years parsed from the text (0 = under 1 year) | D7: Missing for about 9% of cases; some 'cases' describe a cohort
A8: gender | B8: Case | C8: Female, Male, Transgender or Unknown
A9: case_text | B9: Case | C9: Full case narrative: history, exam, vitals, imaging, management, outcome | D9: Is it really an ED presentation? Are vitals given? Is the diagnosis stated?
A10: image_type | B10: Image | C10: Broad image category (7 values) | D10: See 'Image type' sheet
A11: image_subtype | B11: Image | C11: Modality or stain (40 values) | D11: Some mislabels, e.g. angiograms labelled x_ray
A12: radiology_region | B12: Image | C12: Coarse body region (blank for non-radiology) | D12: See 'Region' sheet
A13: radiology_region_granular | B13: Image | C13: Finer body region, mainly for limbs | D13: See 'Region (granular)' sheet
A14: radiology_view | B14: Image | C14: Plane or view (blank for non-radiology) | D14: See 'View' sheet
A15: labels | B15: Image | C15: Supervised multilabels (reduced taxonomy); one image has several | D15: See 'Labels' sheet
A16: semi_labels | B16: Image | C16: Extra, sparser labels from the full taxonomy | D16: Noisier; useful extras like contrast, cta, lung_window
A17: caption | B17: Image | C17: Figure caption from the paper | D17: Often states the diagnosis or refers to arrows: answer leakage
A18: case_substring | B18: Image | C18: Where the case text cites the figure, e.g. 'Figure 3' | D18: Links a caption to the right paragraph
A19: main_image / image_component | B19: Image | C19: Original figure, and which panel (a, b, ... or undivided) | D19: Multi-panel figures were split, not always cleanly
A20: license | B20: Image | C20: Open-access licence of the source article | D20: See 'Licence' sheet before using images in a public Space

Sheet Image type
A1: Image type
A2: Broad category of every image
A4: Value | B4: Meaning | C4: ED relevance (suggested) | D4: Images | E4: % of all images
A5: radiology | B5: Medical imaging scans: CT, MRI, X-ray, ultrasound, nuclear medicine | C5: High | D5: 83147 | E5: =D5/D$12 -> 0.51419896
A6: pathology | B6: Microscope images of stained tissue or cells | C6: Low | D6: 32442 | E6: =D6/D$12 -> 0.20062832
A7: medical_photograph | B7: Clinical photos: skin, mouth, wounds, surgical field | C7: Medium | D7: 29308 | E7: =D7/D$12 -> 0.18124699
A8: chart | B8: Graphs, tables and diagrams from the paper | C8: Low | D8: 5284 | E8: =D8/D$12 -> 0.032677394
A9: endoscopy | B9: Camera images from inside the body | C9: Low | D9: 4543 | E9: =D9/D$12 -> 0.028094891
A10: ophthalmic_imaging | B10: Eye imaging: retina photos, OCT, slit lamp, angiography | C10: Low | D10: 4498 | E10: =D10/D$12 -> 0.027816601
A11: electrography | B11: Electrical signal traces: ECG, EEG, EMG | C11: Medium | D11: 2480 | E11: =D11/D$12 -> 0.015336854
A12: Total | D12: =SUM(D5:D11) -> 161702 | E12: =SUM(E5:E11) -> 1

Sheet Image subtype
A1: Image subtype
A2: Modality or stain; highlighted rows are in the current base filter
A4: Value | B4: Parent image type | C4: Meaning | D4: In current base filter? | E4: ED relevance (suggested) | F4: Images | G4: % of all images
A5: ct | B5: radiology | C5: Computed tomography | D5: Yes | E5: High | F5: 33601 | G5: =F5/F$45 -> 0.20779582
A6: mri | B6: radiology | C6: Magnetic resonance imaging | D6: No | E6: Medium | F6: 23287 | G6: =F6/F$45 -> 0.14401182
A7: other_medical_photograph | B7: medical_photograph | C7: Clinical photo other than skin/oral, e.g. wound or specimen | D7: No | E7: Medium | F7: 18615 | G7: =F7/F$45 -> 0.11511917
A8: x_ray | B8: radiology | C8: Plain radiograph (some fluoroscopy/angiography is also labelled x_ray) | D8: Yes | E8: High | F8: 16264 | G8: =F8/F$45 -> 0.10058008
A9: h&e | B9: pathology | C9: Haematoxylin & eosin stain: standard tissue histology | D9: No | E9: Low | F9: 15432 | G9: =F9/F$45 -> 0.095434812
A10: immunostaining | B10: pathology | C10: Immunohistochemistry / immunofluorescence for specific proteins | D10: No | E10: Low | F10: 10998 | G10: =F10/F$45 -> 0.068014001
A11: skin_photograph | B11: medical_photograph | C11: Photo of a skin lesion | D11: No | E11: Low | F11: 7920 | G11: =F11/F$45 -> 0.048978986
A12: ultrasound | B12: radiology | C12: Ultrasound, including echocardiography (heart ultrasound) | D12: Yes | E12: High | F12: 6941 | G12: =F12/F$45 -> 0.042924639
A13: chart | B13: chart | C13: Graph, table or diagram | D13: No | E13: Low | F13: 5284 | G13: =F13/F$45 -> 0.032677394
A14: oral_photograph | B14: medical_photograph | C14: Photo of the mouth or teeth | D14: No | E14: Low | F14: 2773 | G14: =F14/F$45 -> 0.017148829
A15: gi_endoscopy | B15: endoscopy | C15: Gastrointestinal endoscopy, e.g. gastroscopy, colonoscopy | D15: No | E15: Low | F15: 2586 | G15: =F15/F$45 -> 0.015992381
A16: pet | B16: radiology | C16: Positron emission tomography | D16: No | E16: Low | F16: 2283 | G16: =F16/F$45 -> 0.014118564
... A44: tractography | B44: radiology | C44: MRI diffusion tractography of white-matter tracts | D44: No | E44: Low | F44: 33 | G44: =F44/F$45 -> 0.00020407911
A45: Total | F45: =SUM(F5:F44) -> 161702 | G45: =SUM(G5:G44) -> 1

Sheet Type x Subtype
A1: Image subtype x image type
A2: Images per subtype (rows) and type (columns)
A4: Subtype | B4: chart | C4: electrography | D4: endoscopy | E4: medical_photograph | F4: ophthalmic_imaging | G4: pathology | H4: radiology | I4: Total
A5: ct | B5: 0 | C5: 0 | D5: 0 | E5: 0 | F5: 0 | G5: 0 | H5: 33601 | I5: =SUM(B5:H5) -> 33601
A6: mri | B6: 0 | C6: 0 | D6: 0 | E6: 0 | F6: 0 | G6: 0 | H6: 23287 | I6: =SUM(B6:H6) -> 23287
A7: other_medical_photograph | B7: 0 | C7: 0 | D7: 0 | E7: 18615 | F7: 0 | G7: 0 | H7: 0 | I7: =SUM(B7:H7) -> 18615
A8: x_ray | B8: 0 | C8: 0 | D8: 0 | E8: 0 | F8: 0 | G8: 0 | H8: 16264 | I8: =SUM(B8:H8) -> 16264
A9: h&e | B9: 0 | C9: 0 | D9: 0 | E9: 0 | F9: 0 | G9: 15432 | H9: 0 | I9: =SUM(B9:H9) -> 15432
A10: immunostaining | B10: 0 | C10: 0 | D10: 0 | E10: 0 | F10: 0 | G10: 10998 | H10: 0 | I10: =SUM(B10:H10) -> 10998
A11: skin_photograph | B11: 0 | C11: 0 | D11: 0 | E11: 7920 | F11: 0 | G11: 0 | H11: 0 | I11: =SUM(B11:H11) -> 7920
A12: ultrasound | B12: 0 | C12: 0 | D12: 0 | E12: 0 | F12: 0 | G12: 0 | H12: 6941 | I12: =SUM(B12:H12) -> 6941
A13: chart | B13: 5284 | C13: 0 | D13: 0 | E13: 0 | F13: 0 | G13: 0 | H13: 0 | I13: =SUM(B13:H13) -> 5284
A14: oral_photograph | B14: 0 | C14: 0 | D14: 0 | E14: 2773 | F14: 0 | G14: 0 | H14: 0 | I14: =SUM(B14:H14) -> 2773
A15: gi_endoscopy | B15: 0 | C15: 0 | D15: 2586 | E15: 0 | F15: 0 | G15: 0 | H15: 0 | I15: =SUM(B15:H15) -> 2586
A16: pet | B16: 0 | C16: 0 | D16: 0 | E16: 0 | F16: 0 | G16: 0 | H16: 2283 | I16: =SUM(B16:H16) -> 2283
... A44: tractography | B44: 0 | C44: 0 | D44: 0 | E44: 0 | F44: 0 | G44: 0 | H44: 33 | I44: =SUM(B44:H44) -> 33
A45: Total | B45: =SUM(B5:B44) -> 5284 | C45: =SUM(C5:C44) -> 2480 | D45: =SUM(D5:D44) -> 4543 | E45: =SUM(E5:E44) -> 29308 | F45: =SUM(F5:F44) -> 4498 | G45: =SUM(G5:G44) -> 32442 | H45: =SUM(H5:H44) -> 83147 | I45: =SUM(I5:I44) -> 161702

Sheet Region
A1: Radiology region
A2: Coarse body region
A4: Value | B4: Images | C4: % of all images | D4: % of radiology images
A5: head | B5: 26646 | C5: =B5/B$15 -> 0.1647846 | D5: =B5/SUM(B$5:B$13) -> 0.32046857
A6: thorax | B6: 20144 | C6: =B6/B$15 -> 0.12457484 | D6: =B6/SUM(B$5:B$13) -> 0.24226972
A7: abdomen | B7: 18562 | C7: =B7/B$15 -> 0.11479141 | D7: =B7/SUM(B$5:B$13) -> 0.22324317
A8: lower_limb | B8: 5591 | C8: =B8/B$15 -> 0.034575948 | D8: =B8/SUM(B$5:B$13) -> 0.067242354
A9: neck | B9: 3928 | C9: =B9/B$15 -> 0.024291598 | D9: =B9/SUM(B$5:B$13) -> 0.047241632
A10: pelvis | B10: 3769 | C10: =B10/B$15 -> 0.023308308 | D10: =B10/SUM(B$5:B$13) -> 0.045329356
A11: upper_limb | B11: 2904 | C11: =B11/B$15 -> 0.017958962 | D11: =B11/SUM(B$5:B$13) -> 0.034926095
A12: breast | B12: 1056 | C12: =B12/B$15 -> 0.0065305315 | D12: =B12/SUM(B$5:B$13) -> 0.012700398
A13: whole_body | B13: 547 | C13: =B13/B$15 -> 0.0033827658 | D13: =B13/SUM(B$5:B$13) -> 0.00657871
A14: (blank: not a radiology image) | B14: 78555 | C14: =B14/B$15 -> 0.48580104
A15: Total | B15: =SUM(B5:B14) -> 161702 | C15: =SUM(C5:C14) -> 1

Sheet Region (granular)
A1: Radiology region (granular)
A2: Finer body region; limbs are split into joints and segments
A4: Value | B4: Images | C4: % of all images | D4: % of radiology images
A5: head | B5: 26646 | C5: =B5/B$25 -> 0.1647846 | D5: =B5/SUM(B$5:B$23) -> 0.32046857
A6: thorax | B6: 20144 | C6: =B6/B$25 -> 0.12457484 | D6: =B6/SUM(B$5:B$23) -> 0.24226972
A7: abdomen | B7: 18562 | C7: =B7/B$25 -> 0.11479141 | D7: =B7/SUM(B$5:B$23) -> 0.22324317
A8: neck | B8: 3928 | C8: =B8/B$25 -> 0.024291598 | D8: =B8/SUM(B$5:B$23) -> 0.047241632
A9: pelvis | B9: 3769 | C9: =B9/B$25 -> 0.023308308 | D9: =B9/SUM(B$5:B$23) -> 0.045329356
A10: hip | B10: 1316 | C10: =B10/B$25 -> 0.0081384275 | D10: =B10/SUM(B$5:B$23) -> 0.01582739
A11: knee | B11: 1245 | C11: =B11/B$25 -> 0.0076993482 | D11: =B11/SUM(B$5:B$23) -> 0.014973481
A12: breast | B12: 1056 | C12: =B12/B$25 -> 0.0065305315 | D12: =B12/SUM(B$5:B$23) -> 0.012700398
A13: lower_leg | B13: 1022 | C13: =B13/B$25 -> 0.0063202681 | D13: =B13/SUM(B$5:B$23) -> 0.012291484
A14: elbow | B14: 935 | C14: =B14/B$25 -> 0.0057822414 | D14: =B14/SUM(B$5:B$23) -> 0.011245144
A15: thigh | B15: 870 | C15: =B15/B$25 -> 0.0053802674 | D15: =B15/SUM(B$5:B$23) -> 0.010463396
A16: ankle | B16: 720 | C16: =B16/B$25 -> 0.0044526351 | D16: =B16/SUM(B$5:B$23) -> 0.0086593623
... A23: upper_arm | B23: 201 | C23: =B23/B$25 -> 0.0012430273 | D23: =B23/SUM(B$5:B$23) -> 0.0024174053
A24: (blank: not a radiology image) | B24: 78555 | C24: =B24/B$25 -> 0.48580104
A25: Total | B25: =SUM(B5:B24) -> 161702 | C25: =SUM(C5:C24) -> 1

Sheet View
A1: Radiology view
A2: Imaging plane or view
A4: Value | B4: Meaning | C4: Images | D4: % of all images | E4: % of radiology images
A5: axial | B5: Horizontal slices viewed from the feet (standard CT/MRI view) | C5: 32560 | D5: =C5/C$15 -> 0.20135805 | E5: =C5/SUM(C$5:C$13) -> 0.39159561
A6: sagittal | B6: Side-on slices dividing left and right | C6: 23597 | D6: =C6/C$15 -> 0.14592893 | E6: =C6/SUM(C$5:C$13) -> 0.28379857
A7: frontal | B7: Front-facing view: chest X-ray PA/AP, or coronal CT/MRI slice | C7: 13607 | D7: =C7/C$15 -> 0.084148619 | E7: =C7/SUM(C$5:C$13) -> 0.16364992
A8: ultrasound_view | B8: Ultrasound probe view | C8: 5609 | D8: =C8/C$15 -> 0.034687264 | E8: =C8/SUM(C$5:C$13) -> 0.067458838
A9: oblique | B9: Angled view | C9: 4821 | D9: =C9/C$15 -> 0.029814102 | E9: =C9/SUM(C$5:C$13) -> 0.057981647
A10: panoramic | B10: Dental panoramic X-ray (OPG) | C10: 1085 | D10: =C10/C$15 -> 0.0067098737 | E10: =C10/SUM(C$5:C$13) -> 0.013049178
A11: periapical | B11: Dental X-ray of individual teeth and roots | C11: 815 | D11: =C11/C$15 -> 0.0050401356 | E11: =C11/SUM(C$5:C$13) -> 0.0098019171
A12: occlusal | B12: Dental X-ray of the jaw from above/below | C12: 778 | D12: =C12/C$15 -> 0.0048113196 | E12: =C12/SUM(C$5:C$13) -> 0.0093569221
A13: intravascular | B13: Imaging from inside a blood vessel (IVUS / intravascular OCT) | C13: 275 | D13: =C13/C$15 -> 0.0017006592 | E13: =C13/SUM(C$5:C$13) -> 0.0033073953
A14: (blank: not a radiology image) | C14: 78555 | D14: =C14/C$15 -> 0.48580104
A15: Total | C15: =SUM(C5:C14) -> 161702 | D15: =SUM(D5:D14) -> 1

Sheet Licence
A1: Licence
A2: Licence of the source article; highlighted rows are in the current base filter
A4: Value | B4: Meaning | C4: In current base filter? | D4: Suggested for public Space | E4: Images | F4: % of all images
A5: CC BY | B5: Reuse allowed with attribution | C5: Yes | D5: Yes | E5: 59021 | F5: =E5/E$14 -> 0.36499858
A6: CC BY-NC-ND | B6: Attribution, non-commercial, no derivatives | C6: No | D6: Caution: cropping/annotating may count as a derivative | E6: 33319 | F6: =E6/E$14 -> 0.20605187
A7: CC BY-NC-SA | B7: Attribution, non-commercial, share derivatives under the same licence | C7: No | D7: Probably: check share-alike terms | E7: 31841 | F7: =E7/E$14 -> 0.1969116
A8: CC BY-NC | B8: Attribution, non-commercial use only | C8: Yes | D8: Yes (course project is non-commercial) | E8: 30796 | F8: =E8/E$14 -> 0.1904491
A9: NO-CC CODE | B9: No Creative Commons licence given | C9: No | D9: No | E9: 6511 | F9: =E9/E$14 -> 0.040265427
A10: CC BY-ND | B10: Attribution, no derivatives | C10: No | D10: Caution: cropping/annotating may count as a derivative | E10: 156 | F10: =E10/E$14 -> 0.0009647376
A11: CC BY-SA | B11: Attribution, share derivatives under the same licence | C11: No | D11: Yes (share-alike) | E11: 33 | F11: =E11/E$14 -> 0.00020407911
A12: CC0 | B12: Public domain, no conditions | C12: No | D12: Yes | E12: 19 | F12: =E12/E$14 -> 0.00011750009
A13: author_manuscript | B13: Author manuscript, licence unclear | C13: No | D13: No | E13: 6 | F13: =E13/E$14 -> 3.7105292e-05
A14: Total | E14: =SUM(E5:E13) -> 161702 | F14: =SUM(F5:F13) -> 1

Sheet Labels
A1: Labels (supervised)
A2: Each image carries several labels, so the % column does not sum to 100%
A4: Label | B4: Images tagged | C4: % of all images
A5: radiology | B5: 83147 | C5: =B5/Overview!$B$8 -> 0.51419896
A6: ct | B6: 33601 | C6: =B6/Overview!$B$8 -> 0.20779582
A7: axial | B7: 32560 | C7: =B7/Overview!$B$8 -> 0.20135805
A8: pathology | B8: 32442 | C8: =B8/Overview!$B$8 -> 0.20062832
A9: medical_photograph | B9: 29308 | C9: =B9/Overview!$B$8 -> 0.18124699
A10: head | B10: 26646 | C10: =B10/Overview!$B$8 -> 0.1647846
A11: sagittal | B11: 23597 | C11: =B11/Overview!$B$8 -> 0.14592893
A12: mri | B12: 23287 | C12: =B12/Overview!$B$8 -> 0.14401182
A13: thorax | B13: 20144 | C13: =B13/Overview!$B$8 -> 0.12457484
A14: other_medical_photograph | B14: 18615 | C14: =B14/Overview!$B$8 -> 0.11511917
A15: abdomen | B15: 18562 | C15: =B15/Overview!$B$8 -> 0.11479141
A16: x_ray | B16: 16264 | C16: =B16/Overview!$B$8 -> 0.10058008
... A82: tractography | B82: 33 | C82: =B82/Overview!$B$8 -> 0.00020407911

Sheet Semi labels
A1: Semi labels (full taxonomy)
A2: Sparser, noisier extra labels; an image can carry several
A4: Label | B4: Images tagged | C4: % of all images
A5: radiology | B5: 61940 | C5: =B5/Overview!$B$8 -> 0.3830503
A6: ct | B6: 21843 | C6: =B6/Overview!$B$8 -> 0.13508182
A7: pathology | B7: 20745 | C7: =B7/Overview!$B$8 -> 0.12829155
A8: mri | B8: 17035 | C8: =B8/Overview!$B$8 -> 0.10534811
A9: mass | B9: 15045 | C9: =B9/Overview!$B$8 -> 0.093041521
A10: head | B10: 11477 | C10: =B10/Overview!$B$8 -> 0.07097624
A11: contrast | B11: 8543 | C11: =B11/Overview!$B$8 -> 0.052831752
A12: thorax | B12: 7905 | C12: =B12/Overview!$B$8 -> 0.048886223
A13: abdomen | B13: 7654 | C13: =B13/Overview!$B$8 -> 0.047333985
A14: x_ray | B14: 7283 | C14: =B14/Overview!$B$8 -> 0.045039641
A15: spin_echo | B15: 6866 | C15: =B15/Overview!$B$8 -> 0.042460823
A16: h&e | B16: 6366 | C16: =B16/Overview!$B$8 -> 0.039368715
... A145: cranial_view | B145: 1 | C145: =B145/Overview!$B$8 -> 6.1842154e-06

Sheet Cases
A1: Patient cases
A2: Demographics, text length and images per case
A4: Gender
A5: Group | B5: Cases | C5: % of cases
A6: Male | B6: 52957 | C6: =B6/B$10 -> 0.48063205
A7: Female | B7: 50092 | C7: =B7/B$10 -> 0.45462961
A8: Unknown | B8: 7024 | C8: =B8/B$10 -> 0.06374907
A9: Transgender | B9: 109 | C9: =B9/B$10 -> 0.00098927229
A10: Total | B10: =SUM(B6:B9) -> 110182 | C10: =SUM(C6:C9) -> 1
A12: Age band
A13: Group | B13: Cases | C13: % of cases
A14: Under 1 (age = 0) | B14: 3605 | C14: =B14/B$20 -> 0.032718593
A15: 1-17 | B15: 16045 | C15: =B15/B$20 -> 0.1456227
A16: 18-39 | B16: 26605 | C16: =B16/B$20 -> 0.24146412
A17: 40-64 | B17: 34034 | C17: =B17/B$20 -> 0.30888893
A18: 65 and over | B18: 20241 | C18: =B18/B$20 -> 0.18370514
A19: Missing | B19: 9652 | C19: =B19/B$20 -> 0.087600516
A20: Total | B20: =SUM(B14:B19) -> 110182 | C20: =SUM(C14:C19) -> 1
A22: Images per case
A23: Group | B23: Cases | C23: % of cases
A24: 0 (no images) | B24: 68138 | C24: =B24/B$31 -> 0.61841317
A25: 1 | B25: 9002 | C25: =B25/B$31 -> 0.081701185
A26: 2 | B26: 8770 | C26: =B26/B$31 -> 0.079595578
A27: 3 | B27: 6572 | C27: =B27/B$31 -> 0.059646766
A28: 4-5 | B28: 8757 | C28: =B28/B$31 -> 0.079477592
A29: 6-10 | B29: 7158 | C29: =B29/B$31 -> 0.064965239
A30: 11 or more | B30: 1785 | C30: =B30/B$31 -> 0.016200468
A31: Total | B31: =SUM(B24:B30) -> 110182 | C31: =SUM(C24:C30) -> 1
A33: Summary statistics
A34: Measure | B34: Value | C34: Note
A35: Age: median (years) | B35: 43 | C35: Cases with a known age
A36: Age: mean (years) | B36: 41.6
A37: Age: maximum (years) | B37: 120 | C37: Check outliers by hand
A38: Case text: median length (characters) | B38: 2506 | C38: About 400 words
A39: Case text: 25th-75th percentile (characters) | B39: 1,527 - 3,721
A40: Case text: longest (characters) | B40: 79243 | C40: Some entries cover several patients
A41: Images per case: median (cases with images) | B41: 3
A42: Images per case: maximum | B42: 47
A44: Statistics computed in Python from cases.parquet; not formulas.
